vacancy_name,salary,city,country,work_category,website_name,posted_date,effectivness,experience
"Full Stack Web Developer (Yii2, HTML5, CSS, JS)",$3000‚Äì3500,"–ö–∏–µ–≤, —É–¥–∞–ª–µ–Ω–Ω–æ",Ukraine,IT,dou.ua,1616457600.0,0.0,1.0
Backend Web Developer,$1300‚Äì2500,–ö–∏–µ–≤,Ukraine,IT,dou.ua,1615507200.0,0.0,1.0
Remote Java / Web developer,$800,—É–¥–∞–ª–µ–Ω–Ω–æ,Ukraine,IT,dou.ua,1617267815.114718,0.0,1.0
Junior/Middle Web Developer (Vue.js),,–•–∞—Ä—å–∫–æ–≤,Ukraine,IT,dou.ua,1617062400.0,0.0,1.0
Backend Web Developer for Music project (PHP),,"–ù–∏–∫–æ–ª–∞–µ–≤, –•–µ—Ä—Å–æ–Ω, —É–¥–∞–ª–µ–Ω–Ω–æ",Ukraine,IT,dou.ua,1617062400.0,0.0,1.0
Angular Web Developer,,"–ö–∏–µ–≤, –ü–æ–ª—Ç–∞–≤–∞, —É–¥–∞–ª–µ–Ω–Ω–æ",Ukraine,IT,dou.ua,1617062400.0,0.0,1.0
WEB Developer @FS Holding,,–ö–∏–µ–≤,Ukraine,IT,dou.ua,1616976000.0,0.0,1.0
FullStack Web Developer (PHP/JS),,"–ù–∏–∫–æ–ª–∞–µ–≤, –•–µ—Ä—Å–æ–Ω, —É–¥–∞–ª–µ–Ω–Ω–æ",Ukraine,IT,dou.ua,1616976000.0,0.0,1.0
React Front End Web Developer,,"–ö–∏–µ–≤, –•–∞—Ä—å–∫–æ–≤",Ukraine,IT,dou.ua,1616976000.0,0.0,1.0
3D Web Developer (JavaScript),,"–ö–∏–µ–≤, —É–¥–∞–ª–µ–Ω–Ω–æ",Ukraine,IT,dou.ua,1616716800.0,0.0,1.0
SFCC Senior Web Developer,,"–ö–∏–µ–≤, –í–∏–Ω–Ω–∏—Ü–∞, –õ—É—Ü–∫, –£–∂–≥–æ—Ä–æ–¥, –ß–µ—Ä–Ω–∏–≥–æ–≤",Ukraine,IT,dou.ua,1616716800.0,0.0,1.0
Web Developer,,"–ö–∏–µ–≤, —É–¥–∞–ª–µ–Ω–Ω–æ",Ukraine,IT,dou.ua,1616716800.0,0.0,1.0
Middle Web-–ø—Ä–æ–≥—Ä–∞–º–º–∏—Å—Ç,–æ—Ç $700,—É–¥–∞–ª–µ–Ω–Ω–æ,Ukraine,IT,dou.ua,1616716800.0,0.0,1.0
"Web developer (Full-Stack, WP, Opencart) üî•",$1000‚Äì1300,"–ö–∏–µ–≤, —É–¥–∞–ª–µ–Ω–Ω–æ",Ukraine,IT,dou.ua,1616716800.0,0.0,1.0
Senior Web Developer,,"–ö–∏–µ–≤, –•–∞—Ä—å–∫–æ–≤, –õ—å–≤–æ–≤, –û–¥–µ—Å—Å–∞",Ukraine,IT,dou.ua,1616630400.0,0.0,1.0
Python Web Developer,,–û–¥–µ—Å—Å–∞,Ukraine,IT,dou.ua,1616544000.0,0.0,1.0
üî•Middle Full Stack Web Developer,$1500‚Äì1800,,Ukraine,IT,dou.ua,1616544000.0,0.0,1.0
Senior React JavaScript Web Developer for AKQA (210001ND),,–ö–∏–µ–≤,Ukraine,IT,dou.ua,1616371200.0,0.0,1.0
"Experienced backend web developer, python ‚Äî remote",–æ—Ç $2500,—É–¥–∞–ª–µ–Ω–Ω–æ,Ukraine,IT,dou.ua,1616112000.0,0.0,1.0
Web Developer (React),$1500‚Äì2500,—É–¥–∞–ª–µ–Ω–Ω–æ,Ukraine,IT,dou.ua,1616112000.0,0.0,1.0
